Source_IP,Attack_Type,Timestamp,Is_Attack
198.51.100.7,Brute Force,2026-04-18 15:38:49.893815,1
198.51.100.7,Malicious Payload,2026-04-18 15:38:39.893815,1
203.0.113.5,Normal,2026-04-18 15:38:29.893815,0
192.168.1.1,Brute Force,2026-04-18 15:38:19.893815,1
203.0.113.5,Normal,2026-04-18 15:38:09.893815,0
203.0.113.5,Normal,2026-04-18 15:37:59.893815,0
10.0.0.5,Normal,2026-04-18 15:37:49.893815,0
192.168.1.2,Malicious Payload,2026-04-18 15:37:39.893815,1
198.51.100.7,Normal,2026-04-18 15:37:29.893815,0
192.168.1.1,Normal,2026-04-18 15:37:19.893815,0
198.51.100.7,Normal,2026-04-18 15:37:09.893815,0
172.16.0.3,Normal,2026-04-18 15:36:59.893815,0
192.168.1.2,Normal,2026-04-18 15:36:49.893815,0
10.0.0.5,Normal,2026-04-18 15:36:39.893815,0
192.168.1.2,Normal,2026-04-18 15:36:29.893815,0
172.16.0.3,Normal,2026-04-18 15:36:19.893815,0
198.51.100.7,Normal,2026-04-18 15:36:09.893815,0
198.51.100.7,Normal,2026-04-18 15:35:59.893815,0
172.16.0.3,Normal,2026-04-18 15:35:49.893815,0
198.51.100.7,Normal,2026-04-18 15:35:39.893815,0
10.0.0.5,Normal,2026-04-18 15:35:29.893815,0
172.16.0.3,Normal,2026-04-18 15:35:19.893815,0
192.168.1.2,Normal,2026-04-18 15:35:09.893815,0
198.51.100.7,Normal,2026-04-18 15:34:59.893815,0
203.0.113.5,Brute Force,2026-04-18 15:34:49.893815,1
172.16.0.3,Normal,2026-04-18 15:34:39.893815,0
192.168.1.1,Normal,2026-04-18 15:34:29.893815,0
172.16.0.3,Normal,2026-04-18 15:34:19.893815,0
192.168.1.1,Normal,2026-04-18 15:34:09.893815,0
203.0.113.5,Normal,2026-04-18 15:33:59.893815,0
172.16.0.3,Malicious Payload,2026-04-18 15:33:49.893815,1
203.0.113.5,Normal,2026-04-18 15:33:39.893815,0
192.168.1.2,Malicious Payload,2026-04-18 15:33:29.893815,1
198.51.100.7,Normal,2026-04-18 15:33:19.893815,0
198.51.100.7,Port Scan,2026-04-18 15:33:09.893815,1
172.16.0.3,Normal,2026-04-18 15:32:59.893815,0
198.51.100.7,Malicious Payload,2026-04-18 15:32:49.893815,1
192.168.1.2,Brute Force,2026-04-18 15:32:39.893815,1
203.0.113.5,Normal,2026-04-18 15:32:29.893815,0
198.51.100.7,Normal,2026-04-18 15:32:19.893815,0
172.16.0.3,Normal,2026-04-18 15:32:09.893815,0
192.168.1.2,Port Scan,2026-04-18 15:31:59.893815,1
192.168.1.2,Malicious Payload,2026-04-18 15:31:49.893815,1
10.0.0.5,Normal,2026-04-18 15:31:39.893815,0
172.16.0.3,Port Scan,2026-04-18 15:31:29.893815,1
10.0.0.5,Normal,2026-04-18 15:31:19.893815,0
192.168.1.1,Port Scan,2026-04-18 15:31:09.893815,1
203.0.113.5,Malicious Payload,2026-04-18 15:30:59.893815,1
172.16.0.3,Normal,2026-04-18 15:30:49.893815,0
10.0.0.5,Port Scan,2026-04-18 15:30:39.893815,1
198.51.100.7,Normal,2026-04-18 15:30:29.893815,0
198.51.100.7,Port Scan,2026-04-18 15:30:19.893815,1
198.51.100.7,Normal,2026-04-18 15:30:09.893815,0
198.51.100.7,Malicious Payload,2026-04-18 15:29:59.893815,1
10.0.0.5,Malicious Payload,2026-04-18 15:29:49.893815,1
172.16.0.3,Normal,2026-04-18 15:29:39.893815,0
192.168.1.2,Normal,2026-04-18 15:29:29.893815,0
203.0.113.5,Normal,2026-04-18 15:29:19.893815,0
10.0.0.5,Normal,2026-04-18 15:29:09.893815,0
192.168.1.2,Normal,2026-04-18 15:28:59.893815,0
192.168.1.2,Normal,2026-04-18 15:28:49.893815,0
10.0.0.5,Normal,2026-04-18 15:28:39.893815,0
203.0.113.5,Normal,2026-04-18 15:28:29.893815,0
172.16.0.3,Brute Force,2026-04-18 15:28:19.893815,1
10.0.0.5,Port Scan,2026-04-18 15:28:09.893815,1
198.51.100.7,Normal,2026-04-18 15:27:59.893815,0
203.0.113.5,Port Scan,2026-04-18 15:27:49.893815,1
192.168.1.2,Normal,2026-04-18 15:27:39.893815,0
203.0.113.5,Port Scan,2026-04-18 15:27:29.893815,1
203.0.113.5,Normal,2026-04-18 15:27:19.893815,0
198.51.100.7,Normal,2026-04-18 15:27:09.893815,0
192.168.1.2,Normal,2026-04-18 15:26:59.893815,0
203.0.113.5,Normal,2026-04-18 15:26:49.893815,0
198.51.100.7,Port Scan,2026-04-18 15:26:39.893815,1
198.51.100.7,Malicious Payload,2026-04-18 15:26:29.893815,1
192.168.1.1,Normal,2026-04-18 15:26:19.893815,0
203.0.113.5,Normal,2026-04-18 15:26:09.893815,0
192.168.1.2,Port Scan,2026-04-18 15:25:59.893815,1
172.16.0.3,Normal,2026-04-18 15:25:49.893815,0
192.168.1.1,Normal,2026-04-18 15:25:39.893815,0
10.0.0.5,Normal,2026-04-18 15:25:29.893815,0
192.168.1.2,Port Scan,2026-04-18 15:25:19.893815,1
10.0.0.5,Port Scan,2026-04-18 15:25:09.893815,1
172.16.0.3,Malicious Payload,2026-04-18 15:24:59.893815,1
198.51.100.7,Brute Force,2026-04-18 15:24:49.893815,1
192.168.1.2,Brute Force,2026-04-18 15:24:39.893815,1
10.0.0.5,Brute Force,2026-04-18 15:24:29.893815,1
198.51.100.7,Brute Force,2026-04-18 15:24:19.893815,1
203.0.113.5,Port Scan,2026-04-18 15:24:09.893815,1
172.16.0.3,Malicious Payload,2026-04-18 15:23:59.893815,1
198.51.100.7,Normal,2026-04-18 15:23:49.893815,0
10.0.0.5,Port Scan,2026-04-18 15:23:39.893815,1
198.51.100.7,Normal,2026-04-18 15:23:29.893815,0
192.168.1.1,Normal,2026-04-18 15:23:19.893815,0
192.168.1.2,Normal,2026-04-18 15:23:09.893815,0
203.0.113.5,Normal,2026-04-18 15:22:59.893815,0
172.16.0.3,Port Scan,2026-04-18 15:22:49.893815,1
192.168.1.2,Normal,2026-04-18 15:22:39.893815,0
10.0.0.5,Malicious Payload,2026-04-18 15:22:29.893815,1
203.0.113.5,Normal,2026-04-18 15:22:19.893815,0
198.51.100.7,Normal,2026-04-18 15:22:09.893815,0
172.16.0.3,Brute Force,2026-04-18 15:21:59.893815,1
10.0.0.5,Port Scan,2026-04-18 15:21:49.893815,1
10.0.0.5,Normal,2026-04-18 15:21:39.893815,0
203.0.113.5,Normal,2026-04-18 15:21:29.893815,0
198.51.100.7,Normal,2026-04-18 15:21:19.893815,0
192.168.1.2,Normal,2026-04-18 15:21:09.893815,0
10.0.0.5,Normal,2026-04-18 15:20:59.893815,0
192.168.1.1,Normal,2026-04-18 15:20:49.893815,0
192.168.1.1,Brute Force,2026-04-18 15:20:39.893815,1
10.0.0.5,Normal,2026-04-18 15:20:29.893815,0
198.51.100.7,Port Scan,2026-04-18 15:20:19.893815,1
192.168.1.2,Normal,2026-04-18 15:20:09.893815,0
172.16.0.3,Normal,2026-04-18 15:19:59.893815,0
10.0.0.5,Normal,2026-04-18 15:19:49.893815,0
10.0.0.5,Normal,2026-04-18 15:19:39.893815,0
198.51.100.7,Normal,2026-04-18 15:19:29.893815,0
203.0.113.5,Port Scan,2026-04-18 15:19:19.893815,1
203.0.113.5,Brute Force,2026-04-18 15:19:09.893815,1
10.0.0.5,Normal,2026-04-18 15:18:59.893815,0
192.168.1.1,Normal,2026-04-18 15:18:49.893815,0
192.168.1.2,Brute Force,2026-04-18 15:18:39.893815,1
192.168.1.2,Normal,2026-04-18 15:18:29.893815,0
192.168.1.1,Normal,2026-04-18 15:18:19.893815,0
10.0.0.5,Normal,2026-04-18 15:18:09.893815,0
192.168.1.2,Port Scan,2026-04-18 15:17:59.893815,1
192.168.1.1,Normal,2026-04-18 15:17:49.893815,0
203.0.113.5,Normal,2026-04-18 15:17:39.893815,0
198.51.100.7,Brute Force,2026-04-18 15:17:29.893815,1
192.168.1.2,Normal,2026-04-18 15:17:19.893815,0
192.168.1.2,Normal,2026-04-18 15:17:09.893815,0
198.51.100.7,Brute Force,2026-04-18 15:16:59.893815,1
192.168.1.2,Port Scan,2026-04-18 15:16:49.893815,1
203.0.113.5,Normal,2026-04-18 15:16:39.893815,0
198.51.100.7,Normal,2026-04-18 15:16:29.893815,0
203.0.113.5,Normal,2026-04-18 15:16:19.893815,0
192.168.1.1,Normal,2026-04-18 15:16:09.893815,0
192.168.1.1,Normal,2026-04-18 15:15:59.893815,0
192.168.1.2,Normal,2026-04-18 15:15:49.893815,0
172.16.0.3,Brute Force,2026-04-18 15:15:39.893815,1
198.51.100.7,Normal,2026-04-18 15:15:29.893815,0
192.168.1.2,Normal,2026-04-18 15:15:19.893815,0
172.16.0.3,Normal,2026-04-18 15:15:09.893815,0
172.16.0.3,Normal,2026-04-18 15:14:59.893815,0
198.51.100.7,Malicious Payload,2026-04-18 15:14:49.893815,1
198.51.100.7,Normal,2026-04-18 15:14:39.893815,0
203.0.113.5,Normal,2026-04-18 15:14:29.893815,0
172.16.0.3,Brute Force,2026-04-18 15:14:19.893815,1
172.16.0.3,Brute Force,2026-04-18 15:14:09.893815,1
172.16.0.3,Normal,2026-04-18 15:13:59.893815,0
203.0.113.5,Normal,2026-04-18 15:13:49.893815,0
10.0.0.5,Port Scan,2026-04-18 15:13:39.893815,1
198.51.100.7,Malicious Payload,2026-04-18 15:13:29.893815,1
192.168.1.1,Normal,2026-04-18 15:13:19.893815,0
203.0.113.5,Normal,2026-04-18 15:13:09.893815,0
172.16.0.3,Port Scan,2026-04-18 15:12:59.893815,1
10.0.0.5,Normal,2026-04-18 15:12:49.893815,0
192.168.1.1,Normal,2026-04-18 15:12:39.893815,0
192.168.1.2,Normal,2026-04-18 15:12:29.893815,0
172.16.0.3,Brute Force,2026-04-18 15:12:19.893815,1
198.51.100.7,Malicious Payload,2026-04-18 15:12:09.893815,1
192.168.1.2,Normal,2026-04-18 15:11:59.893815,0
198.51.100.7,Normal,2026-04-18 15:11:49.893815,0
172.16.0.3,Normal,2026-04-18 15:11:39.893815,0
10.0.0.5,Port Scan,2026-04-18 15:11:29.893815,1
192.168.1.2,Malicious Payload,2026-04-18 15:11:19.893815,1
198.51.100.7,Normal,2026-04-18 15:11:09.893815,0
192.168.1.1,Normal,2026-04-18 15:10:59.893815,0
10.0.0.5,Brute Force,2026-04-18 15:10:49.893815,1
172.16.0.3,Malicious Payload,2026-04-18 15:10:39.893815,1
203.0.113.5,Normal,2026-04-18 15:10:29.893815,0
172.16.0.3,Normal,2026-04-18 15:10:19.893815,0
198.51.100.7,Normal,2026-04-18 15:10:09.893815,0
192.168.1.1,Normal,2026-04-18 15:09:59.893815,0
192.168.1.2,Normal,2026-04-18 15:09:49.893815,0
203.0.113.5,Normal,2026-04-18 15:09:39.893815,0
198.51.100.7,Normal,2026-04-18 15:09:29.893815,0
192.168.1.2,Normal,2026-04-18 15:09:19.893815,0
198.51.100.7,Normal,2026-04-18 15:09:09.893815,0
192.168.1.1,Malicious Payload,2026-04-18 15:08:59.893815,1
198.51.100.7,Normal,2026-04-18 15:08:49.893815,0
192.168.1.2,Port Scan,2026-04-18 15:08:39.893815,1
10.0.0.5,Normal,2026-04-18 15:08:29.893815,0
172.16.0.3,Normal,2026-04-18 15:08:19.893815,0
172.16.0.3,Normal,2026-04-18 15:08:09.893815,0
192.168.1.1,Normal,2026-04-18 15:07:59.893815,0
10.0.0.5,Normal,2026-04-18 15:07:49.893815,0
203.0.113.5,Normal,2026-04-18 15:07:39.893815,0
10.0.0.5,Normal,2026-04-18 15:07:29.893815,0
192.168.1.1,Normal,2026-04-18 15:07:19.893815,0
192.168.1.1,Normal,2026-04-18 15:07:09.893815,0
172.16.0.3,Normal,2026-04-18 15:06:59.893815,0
192.168.1.1,Normal,2026-04-18 15:06:49.893815,0
10.0.0.5,Malicious Payload,2026-04-18 15:06:39.893815,1
198.51.100.7,Normal,2026-04-18 15:06:29.893815,0
192.168.1.1,Normal,2026-04-18 15:06:19.893815,0
203.0.113.5,Normal,2026-04-18 15:06:09.893815,0
192.168.1.1,Normal,2026-04-18 15:05:59.893815,0
192.168.1.2,Normal,2026-04-18 15:05:49.893815,0
192.168.1.1,Normal,2026-04-18 15:05:39.893815,0
203.0.113.5,Malicious Payload,2026-04-18 15:05:29.893815,1
198.51.100.7,Normal,2026-04-18 15:05:19.893815,0
172.16.0.3,Port Scan,2026-04-18 15:05:09.893815,1
198.51.100.7,Normal,2026-04-18 15:04:59.893815,0
192.168.1.2,Normal,2026-04-18 15:04:49.893815,0
10.0.0.5,Normal,2026-04-18 15:04:39.893815,0
203.0.113.5,Normal,2026-04-18 15:04:29.893815,0
203.0.113.5,Normal,2026-04-18 15:04:19.893815,0
172.16.0.3,Normal,2026-04-18 15:04:09.893815,0
198.51.100.7,Malicious Payload,2026-04-18 15:03:59.893815,1
198.51.100.7,Malicious Payload,2026-04-18 15:03:49.893815,1
192.168.1.1,Normal,2026-04-18 15:03:39.893815,0
172.16.0.3,Normal,2026-04-18 15:03:29.893815,0
192.168.1.2,Malicious Payload,2026-04-18 15:03:19.893815,1
203.0.113.5,Port Scan,2026-04-18 15:03:09.893815,1
192.168.1.1,Normal,2026-04-18 15:02:59.893815,0
192.168.1.1,Normal,2026-04-18 15:02:49.893815,0
198.51.100.7,Normal,2026-04-18 15:02:39.893815,0
172.16.0.3,Brute Force,2026-04-18 15:02:29.893815,1
10.0.0.5,Normal,2026-04-18 15:02:19.893815,0
192.168.1.1,Brute Force,2026-04-18 15:02:09.893815,1
198.51.100.7,Brute Force,2026-04-18 15:01:59.893815,1
172.16.0.3,Normal,2026-04-18 15:01:49.893815,0
203.0.113.5,Normal,2026-04-18 15:01:39.893815,0
198.51.100.7,Normal,2026-04-18 15:01:29.893815,0
10.0.0.5,Port Scan,2026-04-18 15:01:19.893815,1
192.168.1.1,Port Scan,2026-04-18 15:01:09.893815,1
192.168.1.1,Normal,2026-04-18 15:00:59.893815,0
192.168.1.2,Normal,2026-04-18 15:00:49.893815,0
10.0.0.5,Brute Force,2026-04-18 15:00:39.893815,1
198.51.100.7,Normal,2026-04-18 15:00:29.893815,0
192.168.1.1,Normal,2026-04-18 15:00:19.893815,0
198.51.100.7,Malicious Payload,2026-04-18 15:00:09.893815,1
192.168.1.2,Brute Force,2026-04-18 14:59:59.893815,1
10.0.0.5,Normal,2026-04-18 14:59:49.893815,0
192.168.1.1,Normal,2026-04-18 14:59:39.893815,0
198.51.100.7,Normal,2026-04-18 14:59:29.893815,0
192.168.1.2,Normal,2026-04-18 14:59:19.893815,0
172.16.0.3,Malicious Payload,2026-04-18 14:59:09.893815,1
192.168.1.1,Normal,2026-04-18 14:58:59.893815,0
192.168.1.1,Normal,2026-04-18 14:58:49.893815,0
10.0.0.5,Normal,2026-04-18 14:58:39.893815,0
198.51.100.7,Malicious Payload,2026-04-18 14:58:29.893815,1
192.168.1.1,Port Scan,2026-04-18 14:58:19.893815,1
10.0.0.5,Normal,2026-04-18 14:58:09.893815,0
172.16.0.3,Normal,2026-04-18 14:57:59.893815,0
203.0.113.5,Normal,2026-04-18 14:57:49.893815,0
10.0.0.5,Normal,2026-04-18 14:57:39.893815,0
172.16.0.3,Normal,2026-04-18 14:57:29.893815,0
10.0.0.5,Normal,2026-04-18 14:57:19.893815,0
203.0.113.5,Normal,2026-04-18 14:57:09.893815,0
192.168.1.1,Port Scan,2026-04-18 14:56:59.893815,1
198.51.100.7,Normal,2026-04-18 14:56:49.893815,0
203.0.113.5,Normal,2026-04-18 14:56:39.893815,0
172.16.0.3,Malicious Payload,2026-04-18 14:56:29.893815,1
203.0.113.5,Normal,2026-04-18 14:56:19.893815,0
203.0.113.5,Normal,2026-04-18 14:56:09.893815,0
172.16.0.3,Normal,2026-04-18 14:55:59.893815,0
203.0.113.5,Brute Force,2026-04-18 14:55:49.893815,1
172.16.0.3,Malicious Payload,2026-04-18 14:55:39.893815,1
10.0.0.5,Brute Force,2026-04-18 14:55:29.893815,1
172.16.0.3,Normal,2026-04-18 14:55:19.893815,0
203.0.113.5,Normal,2026-04-18 14:55:09.893815,0
10.0.0.5,Normal,2026-04-18 14:54:59.893815,0
172.16.0.3,Malicious Payload,2026-04-18 14:54:49.893815,1
192.168.1.1,Normal,2026-04-18 14:54:39.893815,0
10.0.0.5,Brute Force,2026-04-18 14:54:29.893815,1
198.51.100.7,Normal,2026-04-18 14:54:19.893815,0
192.168.1.2,Normal,2026-04-18 14:54:09.893815,0
192.168.1.2,Normal,2026-04-18 14:53:59.893815,0
172.16.0.3,Normal,2026-04-18 14:53:49.893815,0
172.16.0.3,Normal,2026-04-18 14:53:39.893815,0
192.168.1.1,Normal,2026-04-18 14:53:29.893815,0
198.51.100.7,Normal,2026-04-18 14:53:19.893815,0
192.168.1.2,Normal,2026-04-18 14:53:09.893815,0
192.168.1.1,Port Scan,2026-04-18 14:52:59.893815,1
172.16.0.3,Normal,2026-04-18 14:52:49.893815,0
203.0.113.5,Port Scan,2026-04-18 14:52:39.893815,1
198.51.100.7,Normal,2026-04-18 14:52:29.893815,0
10.0.0.5,Normal,2026-04-18 14:52:19.893815,0
10.0.0.5,Normal,2026-04-18 14:52:09.893815,0
172.16.0.3,Normal,2026-04-18 14:51:59.893815,0
192.168.1.2,Normal,2026-04-18 14:51:49.893815,0
203.0.113.5,Normal,2026-04-18 14:51:39.893815,0
10.0.0.5,Normal,2026-04-18 14:51:29.893815,0
10.0.0.5,Normal,2026-04-18 14:51:19.893815,0
203.0.113.5,Normal,2026-04-18 14:51:09.893815,0
10.0.0.5,Normal,2026-04-18 14:50:59.893815,0
192.168.1.2,Brute Force,2026-04-18 14:50:49.893815,1
192.168.1.2,Normal,2026-04-18 14:50:39.893815,0
198.51.100.7,Normal,2026-04-18 14:50:29.893815,0
192.168.1.1,Normal,2026-04-18 14:50:19.893815,0
203.0.113.5,Normal,2026-04-18 14:50:09.893815,0
203.0.113.5,Port Scan,2026-04-18 14:49:59.893815,1
198.51.100.7,Normal,2026-04-18 14:49:49.893815,0
192.168.1.2,Normal,2026-04-18 14:49:39.893815,0
10.0.0.5,Brute Force,2026-04-18 14:49:29.893815,1
192.168.1.1,Normal,2026-04-18 14:49:19.893815,0
192.168.1.1,Normal,2026-04-18 14:49:09.893815,0
172.16.0.3,Brute Force,2026-04-18 14:48:59.893815,1
203.0.113.5,Normal,2026-04-18 14:48:49.893815,0
203.0.113.5,Normal,2026-04-18 14:48:39.893815,0
192.168.1.1,Malicious Payload,2026-04-18 14:48:29.893815,1
10.0.0.5,Normal,2026-04-18 14:48:19.893815,0
172.16.0.3,Normal,2026-04-18 14:48:09.893815,0
172.16.0.3,Malicious Payload,2026-04-18 14:47:59.893815,1
192.168.1.2,Normal,2026-04-18 14:47:49.893815,0
192.168.1.2,Brute Force,2026-04-18 14:47:39.893815,1
192.168.1.2,Normal,2026-04-18 14:47:29.893815,0
203.0.113.5,Normal,2026-04-18 14:47:19.893815,0
203.0.113.5,Normal,2026-04-18 14:47:09.893815,0
192.168.1.1,Normal,2026-04-18 14:46:59.893815,0
198.51.100.7,Normal,2026-04-18 14:46:49.893815,0
172.16.0.3,Normal,2026-04-18 14:46:39.893815,0
203.0.113.5,Malicious Payload,2026-04-18 14:46:29.893815,1
198.51.100.7,Port Scan,2026-04-18 14:46:19.893815,1
192.168.1.1,Normal,2026-04-18 14:46:09.893815,0
203.0.113.5,Normal,2026-04-18 14:45:59.893815,0
10.0.0.5,Port Scan,2026-04-18 14:45:49.893815,1
192.168.1.1,Normal,2026-04-18 14:45:39.893815,0
192.168.1.1,Brute Force,2026-04-18 14:45:29.893815,1
198.51.100.7,Normal,2026-04-18 14:45:19.893815,0
192.168.1.1,Port Scan,2026-04-18 14:45:09.893815,1
198.51.100.7,Normal,2026-04-18 14:44:59.893815,0
192.168.1.2,Normal,2026-04-18 14:44:49.893815,0
192.168.1.1,Normal,2026-04-18 14:44:39.893815,0
198.51.100.7,Brute Force,2026-04-18 14:44:29.893815,1
192.168.1.1,Normal,2026-04-18 14:44:19.893815,0
198.51.100.7,Normal,2026-04-18 14:44:09.893815,0
198.51.100.7,Normal,2026-04-18 14:43:59.893815,0
192.168.1.2,Port Scan,2026-04-18 14:43:49.893815,1
172.16.0.3,Malicious Payload,2026-04-18 14:43:39.893815,1
203.0.113.5,Port Scan,2026-04-18 14:43:29.893815,1
203.0.113.5,Normal,2026-04-18 14:43:19.893815,0
10.0.0.5,Port Scan,2026-04-18 14:43:09.893815,1
198.51.100.7,Port Scan,2026-04-18 14:42:59.893815,1
192.168.1.1,Normal,2026-04-18 14:42:49.893815,0
203.0.113.5,Normal,2026-04-18 14:42:39.893815,0
192.168.1.1,Brute Force,2026-04-18 14:42:29.893815,1
172.16.0.3,Normal,2026-04-18 14:42:19.893815,0
192.168.1.1,Brute Force,2026-04-18 14:42:09.893815,1
192.168.1.2,Normal,2026-04-18 14:41:59.893815,0
198.51.100.7,Normal,2026-04-18 14:41:49.893815,0
198.51.100.7,Brute Force,2026-04-18 14:41:39.893815,1
192.168.1.1,Normal,2026-04-18 14:41:29.893815,0
10.0.0.5,Normal,2026-04-18 14:41:19.893815,0
203.0.113.5,Normal,2026-04-18 14:41:09.893815,0
192.168.1.2,Brute Force,2026-04-18 14:40:59.893815,1
203.0.113.5,Port Scan,2026-04-18 14:40:49.893815,1
172.16.0.3,Normal,2026-04-18 14:40:39.893815,0
198.51.100.7,Brute Force,2026-04-18 14:40:29.893815,1
10.0.0.5,Malicious Payload,2026-04-18 14:40:19.893815,1
198.51.100.7,Normal,2026-04-18 14:40:09.893815,0
192.168.1.2,Normal,2026-04-18 14:39:59.893815,0
10.0.0.5,Normal,2026-04-18 14:39:49.893815,0
172.16.0.3,Brute Force,2026-04-18 14:39:39.893815,1
172.16.0.3,Normal,2026-04-18 14:39:29.893815,0
203.0.113.5,Normal,2026-04-18 14:39:19.893815,0
198.51.100.7,Normal,2026-04-18 14:39:09.893815,0
192.168.1.1,Normal,2026-04-18 14:38:59.893815,0
192.168.1.1,Brute Force,2026-04-18 14:38:49.893815,1
203.0.113.5,Normal,2026-04-18 14:38:39.893815,0
10.0.0.5,Brute Force,2026-04-18 14:38:29.893815,1
203.0.113.5,Malicious Payload,2026-04-18 14:38:19.893815,1
198.51.100.7,Normal,2026-04-18 14:38:09.893815,0
172.16.0.3,Malicious Payload,2026-04-18 14:37:59.893815,1
172.16.0.3,Malicious Payload,2026-04-18 14:37:49.893815,1
10.0.0.5,Malicious Payload,2026-04-18 14:37:39.893815,1
192.168.1.1,Normal,2026-04-18 14:37:29.893815,0
198.51.100.7,Normal,2026-04-18 14:37:19.893815,0
10.0.0.5,Malicious Payload,2026-04-18 14:37:09.893815,1
192.168.1.1,Normal,2026-04-18 14:36:59.893815,0
198.51.100.7,Normal,2026-04-18 14:36:49.893815,0
198.51.100.7,Port Scan,2026-04-18 14:36:39.893815,1
172.16.0.3,Normal,2026-04-18 14:36:29.893815,0
172.16.0.3,Normal,2026-04-18 14:36:19.893815,0
192.168.1.1,Normal,2026-04-18 14:36:09.893815,0
10.0.0.5,Normal,2026-04-18 14:35:59.893815,0
198.51.100.7,Brute Force,2026-04-18 14:35:49.893815,1
198.51.100.7,Port Scan,2026-04-18 14:35:39.893815,1
172.16.0.3,Normal,2026-04-18 14:35:29.893815,0
10.0.0.5,Normal,2026-04-18 14:35:19.893815,0
172.16.0.3,Normal,2026-04-18 14:35:09.893815,0
10.0.0.5,Normal,2026-04-18 14:34:59.893815,0
10.0.0.5,Normal,2026-04-18 14:34:49.893815,0
192.168.1.2,Malicious Payload,2026-04-18 14:34:39.893815,1
192.168.1.1,Normal,2026-04-18 14:34:29.893815,0
192.168.1.1,Normal,2026-04-18 14:34:19.893815,0
172.16.0.3,Port Scan,2026-04-18 14:34:09.893815,1
198.51.100.7,Normal,2026-04-18 14:33:59.893815,0
192.168.1.1,Normal,2026-04-18 14:33:49.893815,0
192.168.1.2,Normal,2026-04-18 14:33:39.893815,0
192.168.1.1,Malicious Payload,2026-04-18 14:33:29.893815,1
172.16.0.3,Brute Force,2026-04-18 14:33:19.893815,1
172.16.0.3,Normal,2026-04-18 14:33:09.893815,0
198.51.100.7,Normal,2026-04-18 14:32:59.893815,0
10.0.0.5,Normal,2026-04-18 14:32:49.893815,0
10.0.0.5,Port Scan,2026-04-18 14:32:39.893815,1
192.168.1.1,Normal,2026-04-18 14:32:29.893815,0
198.51.100.7,Normal,2026-04-18 14:32:19.893815,0
203.0.113.5,Normal,2026-04-18 14:32:09.893815,0
172.16.0.3,Normal,2026-04-18 14:31:59.893815,0
203.0.113.5,Normal,2026-04-18 14:31:49.893815,0
172.16.0.3,Normal,2026-04-18 14:31:39.893815,0
192.168.1.1,Malicious Payload,2026-04-18 14:31:29.893815,1
10.0.0.5,Normal,2026-04-18 14:31:19.893815,0
192.168.1.1,Normal,2026-04-18 14:31:09.893815,0
203.0.113.5,Normal,2026-04-18 14:30:59.893815,0
198.51.100.7,Normal,2026-04-18 14:30:49.893815,0
198.51.100.7,Normal,2026-04-18 14:30:39.893815,0
10.0.0.5,Normal,2026-04-18 14:30:29.893815,0
192.168.1.2,Normal,2026-04-18 14:30:19.893815,0
192.168.1.2,Normal,2026-04-18 14:30:09.893815,0
192.168.1.2,Port Scan,2026-04-18 14:29:59.893815,1
10.0.0.5,Normal,2026-04-18 14:29:49.893815,0
10.0.0.5,Normal,2026-04-18 14:29:39.893815,0
203.0.113.5,Normal,2026-04-18 14:29:29.893815,0
10.0.0.5,Normal,2026-04-18 14:29:19.893815,0
192.168.1.1,Normal,2026-04-18 14:29:09.893815,0
203.0.113.5,Brute Force,2026-04-18 14:28:59.893815,1
192.168.1.1,Normal,2026-04-18 14:28:49.893815,0
10.0.0.5,Port Scan,2026-04-18 14:28:39.893815,1
192.168.1.2,Normal,2026-04-18 14:28:29.893815,0
172.16.0.3,Normal,2026-04-18 14:28:19.893815,0
172.16.0.3,Normal,2026-04-18 14:28:09.893815,0
198.51.100.7,Normal,2026-04-18 14:27:59.893815,0
203.0.113.5,Normal,2026-04-18 14:27:49.893815,0
172.16.0.3,Normal,2026-04-18 14:27:39.893815,0
192.168.1.1,Normal,2026-04-18 14:27:29.893815,0
203.0.113.5,Malicious Payload,2026-04-18 14:27:19.893815,1
198.51.100.7,Normal,2026-04-18 14:27:09.893815,0
198.51.100.7,Malicious Payload,2026-04-18 14:26:59.893815,1
203.0.113.5,Port Scan,2026-04-18 14:26:49.893815,1
198.51.100.7,Malicious Payload,2026-04-18 14:26:39.893815,1
192.168.1.2,Brute Force,2026-04-18 14:26:29.893815,1
198.51.100.7,Normal,2026-04-18 14:26:19.893815,0
198.51.100.7,Normal,2026-04-18 14:26:09.893815,0
172.16.0.3,Normal,2026-04-18 14:25:59.893815,0
172.16.0.3,Normal,2026-04-18 14:25:49.893815,0
192.168.1.1,Normal,2026-04-18 14:25:39.893815,0
172.16.0.3,Port Scan,2026-04-18 14:25:29.893815,1
192.168.1.1,Brute Force,2026-04-18 14:25:19.893815,1
172.16.0.3,Normal,2026-04-18 14:25:09.893815,0
192.168.1.2,Normal,2026-04-18 14:24:59.893815,0
192.168.1.1,Normal,2026-04-18 14:24:49.893815,0
172.16.0.3,Normal,2026-04-18 14:24:39.893815,0
198.51.100.7,Brute Force,2026-04-18 14:24:29.893815,1
192.168.1.2,Normal,2026-04-18 14:24:19.893815,0
10.0.0.5,Normal,2026-04-18 14:24:09.893815,0
198.51.100.7,Normal,2026-04-18 14:23:59.893815,0
172.16.0.3,Normal,2026-04-18 14:23:49.893815,0
192.168.1.1,Malicious Payload,2026-04-18 14:23:39.893815,1
198.51.100.7,Malicious Payload,2026-04-18 14:23:29.893815,1
192.168.1.1,Port Scan,2026-04-18 14:23:19.893815,1
198.51.100.7,Port Scan,2026-04-18 14:23:09.893815,1
192.168.1.1,Normal,2026-04-18 14:22:59.893815,0
192.168.1.2,Normal,2026-04-18 14:22:49.893815,0
192.168.1.1,Port Scan,2026-04-18 14:22:39.893815,1
10.0.0.5,Normal,2026-04-18 14:22:29.893815,0
172.16.0.3,Normal,2026-04-18 14:22:19.893815,0
10.0.0.5,Normal,2026-04-18 14:22:09.893815,0
192.168.1.2,Normal,2026-04-18 14:21:59.893815,0
192.168.1.1,Malicious Payload,2026-04-18 14:21:49.893815,1
198.51.100.7,Brute Force,2026-04-18 14:21:39.893815,1
198.51.100.7,Port Scan,2026-04-18 14:21:29.893815,1
10.0.0.5,Normal,2026-04-18 14:21:19.893815,0
198.51.100.7,Normal,2026-04-18 14:21:09.893815,0
192.168.1.2,Brute Force,2026-04-18 14:20:59.893815,1
192.168.1.1,Malicious Payload,2026-04-18 14:20:49.893815,1
10.0.0.5,Normal,2026-04-18 14:20:39.893815,0
192.168.1.2,Normal,2026-04-18 14:20:29.893815,0
198.51.100.7,Normal,2026-04-18 14:20:19.893815,0
198.51.100.7,Normal,2026-04-18 14:20:09.893815,0
198.51.100.7,Normal,2026-04-18 14:19:59.893815,0
10.0.0.5,Brute Force,2026-04-18 14:19:49.893815,1
192.168.1.1,Normal,2026-04-18 14:19:39.893815,0
172.16.0.3,Normal,2026-04-18 14:19:29.893815,0
10.0.0.5,Normal,2026-04-18 14:19:19.893815,0
172.16.0.3,Malicious Payload,2026-04-18 14:19:09.893815,1
203.0.113.5,Normal,2026-04-18 14:18:59.893815,0
10.0.0.5,Normal,2026-04-18 14:18:49.893815,0
203.0.113.5,Normal,2026-04-18 14:18:39.893815,0
203.0.113.5,Brute Force,2026-04-18 14:18:29.893815,1
192.168.1.2,Normal,2026-04-18 14:18:19.893815,0
192.168.1.1,Normal,2026-04-18 14:18:09.893815,0
10.0.0.5,Malicious Payload,2026-04-18 14:17:59.893815,1
198.51.100.7,Malicious Payload,2026-04-18 14:17:49.893815,1
172.16.0.3,Port Scan,2026-04-18 14:17:39.893815,1
10.0.0.5,Malicious Payload,2026-04-18 14:17:29.893815,1
198.51.100.7,Normal,2026-04-18 14:17:19.893815,0
203.0.113.5,Port Scan,2026-04-18 14:17:09.893815,1
192.168.1.2,Brute Force,2026-04-18 14:16:59.893815,1
10.0.0.5,Port Scan,2026-04-18 14:16:49.893815,1
192.168.1.1,Brute Force,2026-04-18 14:16:39.893815,1
203.0.113.5,Normal,2026-04-18 14:16:29.893815,0
192.168.1.1,Normal,2026-04-18 14:16:19.893815,0
203.0.113.5,Port Scan,2026-04-18 14:16:09.893815,1
203.0.113.5,Malicious Payload,2026-04-18 14:15:59.893815,1
192.168.1.2,Normal,2026-04-18 14:15:49.893815,0
198.51.100.7,Normal,2026-04-18 14:15:39.893815,0
192.168.1.2,Normal,2026-04-18 14:15:29.893815,0
192.168.1.2,Normal,2026-04-18 14:15:19.893815,0
203.0.113.5,Malicious Payload,2026-04-18 14:15:09.893815,1
203.0.113.5,Malicious Payload,2026-04-18 14:14:59.893815,1
192.168.1.2,Normal,2026-04-18 14:14:49.893815,0
172.16.0.3,Port Scan,2026-04-18 14:14:39.893815,1
198.51.100.7,Port Scan,2026-04-18 14:14:29.893815,1
172.16.0.3,Normal,2026-04-18 14:14:19.893815,0
203.0.113.5,Brute Force,2026-04-18 14:14:09.893815,1
192.168.1.1,Normal,2026-04-18 14:13:59.893815,0
198.51.100.7,Normal,2026-04-18 14:13:49.893815,0
203.0.113.5,Malicious Payload,2026-04-18 14:13:39.893815,1
10.0.0.5,Normal,2026-04-18 14:13:29.893815,0
203.0.113.5,Normal,2026-04-18 14:13:19.893815,0
198.51.100.7,Brute Force,2026-04-18 14:13:09.893815,1
198.51.100.7,Brute Force,2026-04-18 14:12:59.893815,1
192.168.1.1,Normal,2026-04-18 14:12:49.893815,0
203.0.113.5,Normal,2026-04-18 14:12:39.893815,0
10.0.0.5,Normal,2026-04-18 14:12:29.893815,0
198.51.100.7,Normal,2026-04-18 14:12:19.893815,0
10.0.0.5,Normal,2026-04-18 14:12:09.893815,0
192.168.1.2,Normal,2026-04-18 14:11:59.893815,0
192.168.1.2,Normal,2026-04-18 14:11:49.893815,0
203.0.113.5,Normal,2026-04-18 14:11:39.893815,0
203.0.113.5,Normal,2026-04-18 14:11:29.893815,0
172.16.0.3,Malicious Payload,2026-04-18 14:11:19.893815,1
192.168.1.1,Normal,2026-04-18 14:11:09.893815,0
198.51.100.7,Normal,2026-04-18 14:10:59.893815,0
10.0.0.5,Normal,2026-04-18 14:10:49.893815,0
192.168.1.2,Normal,2026-04-18 14:10:39.893815,0
198.51.100.7,Port Scan,2026-04-18 14:10:29.893815,1
203.0.113.5,Normal,2026-04-18 14:10:19.893815,0
172.16.0.3,Port Scan,2026-04-18 14:10:09.893815,1
172.16.0.3,Normal,2026-04-18 14:09:59.893815,0
192.168.1.2,Normal,2026-04-18 14:09:49.893815,0
10.0.0.5,Normal,2026-04-18 14:09:39.893815,0
192.168.1.1,Normal,2026-04-18 14:09:29.893815,0
192.168.1.1,Normal,2026-04-18 14:09:19.893815,0
192.168.1.2,Normal,2026-04-18 14:09:09.893815,0
203.0.113.5,Normal,2026-04-18 14:08:59.893815,0
172.16.0.3,Normal,2026-04-18 14:08:49.893815,0
192.168.1.1,Normal,2026-04-18 14:08:39.893815,0
203.0.113.5,Malicious Payload,2026-04-18 14:08:29.893815,1
10.0.0.5,Normal,2026-04-18 14:08:19.893815,0
10.0.0.5,Port Scan,2026-04-18 14:08:09.893815,1
172.16.0.3,Normal,2026-04-18 14:07:59.893815,0
172.16.0.3,Normal,2026-04-18 14:07:49.893815,0
192.168.1.2,Normal,2026-04-18 14:07:39.893815,0
10.0.0.5,Port Scan,2026-04-18 14:07:29.893815,1
192.168.1.2,Port Scan,2026-04-18 14:07:19.893815,1
198.51.100.7,Port Scan,2026-04-18 14:07:09.893815,1
10.0.0.5,Normal,2026-04-18 14:06:59.893815,0
10.0.0.5,Normal,2026-04-18 14:06:49.893815,0
172.16.0.3,Normal,2026-04-18 14:06:39.893815,0
203.0.113.5,Normal,2026-04-18 14:06:29.893815,0
198.51.100.7,Normal,2026-04-18 14:06:19.893815,0
203.0.113.5,Brute Force,2026-04-18 14:06:09.893815,1
172.16.0.3,Normal,2026-04-18 14:05:59.893815,0
192.168.1.1,Normal,2026-04-18 14:05:49.893815,0
10.0.0.5,Normal,2026-04-18 14:05:39.893815,0
203.0.113.5,Malicious Payload,2026-04-18 14:05:29.893815,1
192.168.1.1,Normal,2026-04-18 14:05:19.893815,0
172.16.0.3,Normal,2026-04-18 14:05:09.893815,0
192.168.1.2,Normal,2026-04-18 14:04:59.893815,0
172.16.0.3,Normal,2026-04-18 14:04:49.893815,0
192.168.1.1,Normal,2026-04-18 14:04:39.893815,0
192.168.1.2,Normal,2026-04-18 14:04:29.893815,0
203.0.113.5,Normal,2026-04-18 14:04:19.893815,0
192.168.1.2,Normal,2026-04-18 14:04:09.893815,0
198.51.100.7,Normal,2026-04-18 14:03:59.893815,0
192.168.1.1,Normal,2026-04-18 14:03:49.893815,0
192.168.1.1,Normal,2026-04-18 14:03:39.893815,0
172.16.0.3,Brute Force,2026-04-18 14:03:29.893815,1
192.168.1.2,Brute Force,2026-04-18 14:03:19.893815,1
192.168.1.1,Normal,2026-04-18 14:03:09.893815,0
203.0.113.5,Normal,2026-04-18 14:02:59.893815,0
192.168.1.1,Normal,2026-04-18 14:02:49.893815,0
192.168.1.2,Normal,2026-04-18 14:02:39.893815,0
192.168.1.2,Normal,2026-04-18 14:02:29.893815,0
192.168.1.2,Malicious Payload,2026-04-18 14:02:19.893815,1
203.0.113.5,Normal,2026-04-18 14:02:09.893815,0
198.51.100.7,Brute Force,2026-04-18 14:01:59.893815,1
10.0.0.5,Normal,2026-04-18 14:01:49.893815,0
198.51.100.7,Normal,2026-04-18 14:01:39.893815,0
198.51.100.7,Normal,2026-04-18 14:01:29.893815,0
192.168.1.2,Normal,2026-04-18 14:01:19.893815,0
198.51.100.7,Normal,2026-04-18 14:01:09.893815,0
10.0.0.5,Normal,2026-04-18 14:00:59.893815,0
192.168.1.1,Normal,2026-04-18 14:00:49.893815,0
203.0.113.5,Malicious Payload,2026-04-18 14:00:39.893815,1
172.16.0.3,Normal,2026-04-18 14:00:29.893815,0
172.16.0.3,Normal,2026-04-18 14:00:19.893815,0
203.0.113.5,Normal,2026-04-18 14:00:09.893815,0
198.51.100.7,Normal,2026-04-18 13:59:59.893815,0
192.168.1.1,Normal,2026-04-18 13:59:49.893815,0
10.0.0.5,Port Scan,2026-04-18 13:59:39.893815,1
192.168.1.1,Brute Force,2026-04-18 13:59:29.893815,1
203.0.113.5,Normal,2026-04-18 13:59:19.893815,0
203.0.113.5,Normal,2026-04-18 13:59:09.893815,0
203.0.113.5,Normal,2026-04-18 13:58:59.893815,0
172.16.0.3,Brute Force,2026-04-18 13:58:49.893815,1
172.16.0.3,Normal,2026-04-18 13:58:39.893815,0
192.168.1.1,Port Scan,2026-04-18 13:58:29.893815,1
192.168.1.1,Brute Force,2026-04-18 13:58:19.893815,1
198.51.100.7,Port Scan,2026-04-18 13:58:09.893815,1
198.51.100.7,Normal,2026-04-18 13:57:59.893815,0
192.168.1.2,Normal,2026-04-18 13:57:49.893815,0
198.51.100.7,Normal,2026-04-18 13:57:39.893815,0
203.0.113.5,Normal,2026-04-18 13:57:29.893815,0
203.0.113.5,Normal,2026-04-18 13:57:19.893815,0
172.16.0.3,Normal,2026-04-18 13:57:09.893815,0
10.0.0.5,Normal,2026-04-18 13:56:59.893815,0
203.0.113.5,Malicious Payload,2026-04-18 13:56:49.893815,1
172.16.0.3,Normal,2026-04-18 13:56:39.893815,0
172.16.0.3,Normal,2026-04-18 13:56:29.893815,0
192.168.1.2,Normal,2026-04-18 13:56:19.893815,0
198.51.100.7,Malicious Payload,2026-04-18 13:56:09.893815,1
192.168.1.1,Normal,2026-04-18 13:55:59.893815,0
172.16.0.3,Port Scan,2026-04-18 13:55:49.893815,1
203.0.113.5,Normal,2026-04-18 13:55:39.893815,0
10.0.0.5,Normal,2026-04-18 13:55:29.893815,0
172.16.0.3,Malicious Payload,2026-04-18 13:55:19.893815,1
203.0.113.5,Brute Force,2026-04-18 13:55:09.893815,1
192.168.1.2,Normal,2026-04-18 13:54:59.893815,0
172.16.0.3,Port Scan,2026-04-18 13:54:49.893815,1
198.51.100.7,Normal,2026-04-18 13:54:39.893815,0
172.16.0.3,Normal,2026-04-18 13:54:29.893815,0
10.0.0.5,Malicious Payload,2026-04-18 13:54:19.893815,1
203.0.113.5,Normal,2026-04-18 13:54:09.893815,0
192.168.1.1,Normal,2026-04-18 13:53:59.893815,0
172.16.0.3,Malicious Payload,2026-04-18 13:53:49.893815,1
192.168.1.2,Normal,2026-04-18 13:53:39.893815,0
198.51.100.7,Normal,2026-04-18 13:53:29.893815,0
192.168.1.2,Normal,2026-04-18 13:53:19.893815,0
172.16.0.3,Normal,2026-04-18 13:53:09.893815,0
10.0.0.5,Brute Force,2026-04-18 13:52:59.893815,1
203.0.113.5,Port Scan,2026-04-18 13:52:49.893815,1
10.0.0.5,Normal,2026-04-18 13:52:39.893815,0
172.16.0.3,Malicious Payload,2026-04-18 13:52:29.893815,1
203.0.113.5,Normal,2026-04-18 13:52:19.893815,0
172.16.0.3,Normal,2026-04-18 13:52:09.893815,0
10.0.0.5,Brute Force,2026-04-18 13:51:59.893815,1
192.168.1.2,Normal,2026-04-18 13:51:49.893815,0
192.168.1.2,Normal,2026-04-18 13:51:39.893815,0
10.0.0.5,Normal,2026-04-18 13:51:29.893815,0
203.0.113.5,Normal,2026-04-18 13:51:19.893815,0
192.168.1.1,Normal,2026-04-18 13:51:09.893815,0
192.168.1.1,Port Scan,2026-04-18 13:50:59.893815,1
10.0.0.5,Normal,2026-04-18 13:50:49.893815,0
10.0.0.5,Brute Force,2026-04-18 13:50:39.893815,1
192.168.1.2,Normal,2026-04-18 13:50:29.893815,0
192.168.1.1,Normal,2026-04-18 13:50:19.893815,0
10.0.0.5,Normal,2026-04-18 13:50:09.893815,0
203.0.113.5,Malicious Payload,2026-04-18 13:49:59.893815,1
172.16.0.3,Normal,2026-04-18 13:49:49.893815,0
172.16.0.3,Brute Force,2026-04-18 13:49:39.893815,1
192.168.1.1,Malicious Payload,2026-04-18 13:49:29.893815,1
172.16.0.3,Malicious Payload,2026-04-18 13:49:19.893815,1
10.0.0.5,Normal,2026-04-18 13:49:09.893815,0
198.51.100.7,Normal,2026-04-18 13:48:59.893815,0
192.168.1.1,Brute Force,2026-04-18 13:48:49.893815,1
192.168.1.2,Port Scan,2026-04-18 13:48:39.893815,1
203.0.113.5,Port Scan,2026-04-18 13:48:29.893815,1
192.168.1.1,Malicious Payload,2026-04-18 13:48:19.893815,1
192.168.1.2,Normal,2026-04-18 13:48:09.893815,0
203.0.113.5,Normal,2026-04-18 13:47:59.893815,0
172.16.0.3,Normal,2026-04-18 13:47:49.893815,0
172.16.0.3,Normal,2026-04-18 13:47:39.893815,0
192.168.1.2,Normal,2026-04-18 13:47:29.893815,0
192.168.1.1,Normal,2026-04-18 13:47:19.893815,0
192.168.1.1,Normal,2026-04-18 13:47:09.893815,0
198.51.100.7,Brute Force,2026-04-18 13:46:59.893815,1
192.168.1.2,Normal,2026-04-18 13:46:49.893815,0
10.0.0.5,Normal,2026-04-18 13:46:39.893815,0
192.168.1.2,Brute Force,2026-04-18 13:46:29.893815,1
10.0.0.5,Normal,2026-04-18 13:46:19.893815,0
172.16.0.3,Normal,2026-04-18 13:46:09.893815,0
10.0.0.5,Normal,2026-04-18 13:45:59.893815,0
172.16.0.3,Normal,2026-04-18 13:45:49.893815,0
192.168.1.2,Normal,2026-04-18 13:45:39.893815,0
172.16.0.3,Normal,2026-04-18 13:45:29.893815,0
203.0.113.5,Brute Force,2026-04-18 13:45:19.893815,1
192.168.1.2,Normal,2026-04-18 13:45:09.893815,0
198.51.100.7,Normal,2026-04-18 13:44:59.893815,0
172.16.0.3,Normal,2026-04-18 13:44:49.893815,0
10.0.0.5,Brute Force,2026-04-18 13:44:39.893815,1
192.168.1.1,Port Scan,2026-04-18 13:44:29.893815,1
192.168.1.2,Malicious Payload,2026-04-18 13:44:19.893815,1
192.168.1.1,Normal,2026-04-18 13:44:09.893815,0
192.168.1.2,Brute Force,2026-04-18 13:43:59.893815,1
198.51.100.7,Normal,2026-04-18 13:43:49.893815,0
172.16.0.3,Normal,2026-04-18 13:43:39.893815,0
192.168.1.2,Normal,2026-04-18 13:43:29.893815,0
192.168.1.1,Normal,2026-04-18 13:43:19.893815,0
192.168.1.2,Normal,2026-04-18 13:43:09.893815,0
198.51.100.7,Normal,2026-04-18 13:42:59.893815,0
10.0.0.5,Normal,2026-04-18 13:42:49.893815,0
192.168.1.2,Brute Force,2026-04-18 13:42:39.893815,1
198.51.100.7,Normal,2026-04-18 13:42:29.893815,0
10.0.0.5,Normal,2026-04-18 13:42:19.893815,0
172.16.0.3,Normal,2026-04-18 13:42:09.893815,0
172.16.0.3,Normal,2026-04-18 13:41:59.893815,0
198.51.100.7,Brute Force,2026-04-18 13:41:49.893815,1
203.0.113.5,Normal,2026-04-18 13:41:39.893815,0
192.168.1.2,Normal,2026-04-18 13:41:29.893815,0
192.168.1.1,Brute Force,2026-04-18 13:41:19.893815,1
10.0.0.5,Normal,2026-04-18 13:41:09.893815,0
198.51.100.7,Malicious Payload,2026-04-18 13:40:59.893815,1
192.168.1.2,Normal,2026-04-18 13:40:49.893815,0
192.168.1.1,Malicious Payload,2026-04-18 13:40:39.893815,1
172.16.0.3,Normal,2026-04-18 13:40:29.893815,0
172.16.0.3,Normal,2026-04-18 13:40:19.893815,0
198.51.100.7,Malicious Payload,2026-04-18 13:40:09.893815,1
192.168.1.1,Normal,2026-04-18 13:39:59.893815,0
198.51.100.7,Normal,2026-04-18 13:39:49.893815,0
172.16.0.3,Normal,2026-04-18 13:39:39.893815,0
10.0.0.5,Normal,2026-04-18 13:39:29.893815,0
192.168.1.2,Normal,2026-04-18 13:39:19.893815,0
198.51.100.7,Normal,2026-04-18 13:39:09.893815,0
192.168.1.1,Brute Force,2026-04-18 13:38:59.893815,1
10.0.0.5,Normal,2026-04-18 13:38:49.893815,0
10.0.0.5,Normal,2026-04-18 13:38:39.893815,0
192.168.1.1,Normal,2026-04-18 13:38:29.893815,0
203.0.113.5,Normal,2026-04-18 13:38:19.893815,0
192.168.1.2,Normal,2026-04-18 13:38:09.893815,0
192.168.1.2,Normal,2026-04-18 13:37:59.893815,0
172.16.0.3,Brute Force,2026-04-18 13:37:49.893815,1
192.168.1.1,Normal,2026-04-18 13:37:39.893815,0
10.0.0.5,Normal,2026-04-18 13:37:29.893815,0
172.16.0.3,Normal,2026-04-18 13:37:19.893815,0
192.168.1.2,Normal,2026-04-18 13:37:09.893815,0
192.168.1.2,Normal,2026-04-18 13:36:59.893815,0
203.0.113.5,Normal,2026-04-18 13:36:49.893815,0
198.51.100.7,Normal,2026-04-18 13:36:39.893815,0
203.0.113.5,Port Scan,2026-04-18 13:36:29.893815,1
10.0.0.5,Brute Force,2026-04-18 13:36:19.893815,1
203.0.113.5,Normal,2026-04-18 13:36:09.893815,0
10.0.0.5,Normal,2026-04-18 13:35:59.893815,0
172.16.0.3,Brute Force,2026-04-18 13:35:49.893815,1
198.51.100.7,Brute Force,2026-04-18 13:35:39.893815,1
198.51.100.7,Normal,2026-04-18 13:35:29.893815,0
192.168.1.1,Normal,2026-04-18 13:35:19.893815,0
192.168.1.1,Malicious Payload,2026-04-18 13:35:09.893815,1
198.51.100.7,Normal,2026-04-18 13:34:59.893815,0
192.168.1.1,Normal,2026-04-18 13:34:49.893815,0
10.0.0.5,Brute Force,2026-04-18 13:34:39.893815,1
10.0.0.5,Normal,2026-04-18 13:34:29.893815,0
192.168.1.1,Brute Force,2026-04-18 13:34:19.893815,1
192.168.1.2,Normal,2026-04-18 13:34:09.893815,0
192.168.1.2,Malicious Payload,2026-04-18 13:33:59.893815,1
192.168.1.2,Normal,2026-04-18 13:33:49.893815,0
192.168.1.2,Normal,2026-04-18 13:33:39.893815,0
172.16.0.3,Malicious Payload,2026-04-18 13:33:29.893815,1
203.0.113.5,Normal,2026-04-18 13:33:19.893815,0
198.51.100.7,Brute Force,2026-04-18 13:33:09.893815,1
172.16.0.3,Normal,2026-04-18 13:32:59.893815,0
203.0.113.5,Normal,2026-04-18 13:32:49.893815,0
10.0.0.5,Normal,2026-04-18 13:32:39.893815,0
192.168.1.2,Normal,2026-04-18 13:32:29.893815,0
203.0.113.5,Malicious Payload,2026-04-18 13:32:19.893815,1
192.168.1.1,Normal,2026-04-18 13:32:09.893815,0
192.168.1.2,Normal,2026-04-18 13:31:59.893815,0
203.0.113.5,Malicious Payload,2026-04-18 13:31:49.893815,1
172.16.0.3,Port Scan,2026-04-18 13:31:39.893815,1
198.51.100.7,Normal,2026-04-18 13:31:29.893815,0
198.51.100.7,Port Scan,2026-04-18 13:31:19.893815,1
203.0.113.5,Normal,2026-04-18 13:31:09.893815,0
203.0.113.5,Normal,2026-04-18 13:30:59.893815,0
10.0.0.5,Brute Force,2026-04-18 13:30:49.893815,1
10.0.0.5,Normal,2026-04-18 13:30:39.893815,0
172.16.0.3,Malicious Payload,2026-04-18 13:30:29.893815,1
192.168.1.1,Normal,2026-04-18 13:30:19.893815,0
203.0.113.5,Malicious Payload,2026-04-18 13:30:09.893815,1
10.0.0.5,Brute Force,2026-04-18 13:29:59.893815,1
203.0.113.5,Brute Force,2026-04-18 13:29:49.893815,1
192.168.1.2,Malicious Payload,2026-04-18 13:29:39.893815,1
203.0.113.5,Port Scan,2026-04-18 13:29:29.893815,1
203.0.113.5,Normal,2026-04-18 13:29:19.893815,0
198.51.100.7,Normal,2026-04-18 13:29:09.893815,0
192.168.1.1,Brute Force,2026-04-18 13:28:59.893815,1
198.51.100.7,Normal,2026-04-18 13:28:49.893815,0
10.0.0.5,Port Scan,2026-04-18 13:28:39.893815,1
198.51.100.7,Normal,2026-04-18 13:28:29.893815,0
192.168.1.2,Brute Force,2026-04-18 13:28:19.893815,1
10.0.0.5,Port Scan,2026-04-18 13:28:09.893815,1
198.51.100.7,Port Scan,2026-04-18 13:27:59.893815,1
198.51.100.7,Normal,2026-04-18 13:27:49.893815,0
192.168.1.2,Normal,2026-04-18 13:27:39.893815,0
192.168.1.2,Malicious Payload,2026-04-18 13:27:29.893815,1
192.168.1.1,Brute Force,2026-04-18 13:27:19.893815,1
198.51.100.7,Malicious Payload,2026-04-18 13:27:09.893815,1
10.0.0.5,Brute Force,2026-04-18 13:26:59.893815,1
192.168.1.1,Malicious Payload,2026-04-18 13:26:49.893815,1
192.168.1.1,Normal,2026-04-18 13:26:39.893815,0
203.0.113.5,Normal,2026-04-18 13:26:29.893815,0
198.51.100.7,Brute Force,2026-04-18 13:26:19.893815,1
172.16.0.3,Normal,2026-04-18 13:26:09.893815,0
192.168.1.2,Normal,2026-04-18 13:25:59.893815,0
198.51.100.7,Normal,2026-04-18 13:25:49.893815,0
192.168.1.2,Normal,2026-04-18 13:25:39.893815,0
203.0.113.5,Normal,2026-04-18 13:25:29.893815,0
203.0.113.5,Malicious Payload,2026-04-18 13:25:19.893815,1
198.51.100.7,Malicious Payload,2026-04-18 13:25:09.893815,1
198.51.100.7,Brute Force,2026-04-18 13:24:59.893815,1
192.168.1.2,Normal,2026-04-18 13:24:49.893815,0
172.16.0.3,Normal,2026-04-18 13:24:39.893815,0
10.0.0.5,Normal,2026-04-18 13:24:29.893815,0
192.168.1.1,Brute Force,2026-04-18 13:24:19.893815,1
172.16.0.3,Normal,2026-04-18 13:24:09.893815,0
172.16.0.3,Normal,2026-04-18 13:23:59.893815,0
198.51.100.7,Normal,2026-04-18 13:23:49.893815,0
10.0.0.5,Normal,2026-04-18 13:23:39.893815,0
172.16.0.3,Normal,2026-04-18 13:23:29.893815,0
192.168.1.1,Normal,2026-04-18 13:23:19.893815,0
198.51.100.7,Normal,2026-04-18 13:23:09.893815,0
203.0.113.5,Normal,2026-04-18 13:22:59.893815,0
198.51.100.7,Normal,2026-04-18 13:22:49.893815,0
192.168.1.1,Normal,2026-04-18 13:22:39.893815,0
203.0.113.5,Normal,2026-04-18 13:22:29.893815,0
203.0.113.5,Normal,2026-04-18 13:22:19.893815,0
192.168.1.1,Normal,2026-04-18 13:22:09.893815,0
198.51.100.7,Brute Force,2026-04-18 13:21:59.893815,1
172.16.0.3,Normal,2026-04-18 13:21:49.893815,0
192.168.1.2,Normal,2026-04-18 13:21:39.893815,0
10.0.0.5,Brute Force,2026-04-18 13:21:29.893815,1
10.0.0.5,Normal,2026-04-18 13:21:19.893815,0
10.0.0.5,Normal,2026-04-18 13:21:09.893815,0
203.0.113.5,Normal,2026-04-18 13:20:59.893815,0
198.51.100.7,Normal,2026-04-18 13:20:49.893815,0
203.0.113.5,Brute Force,2026-04-18 13:20:39.893815,1
192.168.1.1,Port Scan,2026-04-18 13:20:29.893815,1
10.0.0.5,Normal,2026-04-18 13:20:19.893815,0
198.51.100.7,Normal,2026-04-18 13:20:09.893815,0
10.0.0.5,Malicious Payload,2026-04-18 13:19:59.893815,1
192.168.1.2,Normal,2026-04-18 13:19:49.893815,0
192.168.1.1,Brute Force,2026-04-18 13:19:39.893815,1
10.0.0.5,Normal,2026-04-18 13:19:29.893815,0
10.0.0.5,Brute Force,2026-04-18 13:19:19.893815,1
198.51.100.7,Normal,2026-04-18 13:19:09.893815,0
198.51.100.7,Normal,2026-04-18 13:18:59.893815,0
198.51.100.7,Normal,2026-04-18 13:18:49.893815,0
172.16.0.3,Port Scan,2026-04-18 13:18:39.893815,1
203.0.113.5,Normal,2026-04-18 13:18:29.893815,0
198.51.100.7,Port Scan,2026-04-18 13:18:19.893815,1
172.16.0.3,Normal,2026-04-18 13:18:09.893815,0
10.0.0.5,Normal,2026-04-18 13:17:59.893815,0
192.168.1.1,Normal,2026-04-18 13:17:49.893815,0
172.16.0.3,Normal,2026-04-18 13:17:39.893815,0
172.16.0.3,Brute Force,2026-04-18 13:17:29.893815,1
10.0.0.5,Port Scan,2026-04-18 13:17:19.893815,1
203.0.113.5,Normal,2026-04-18 13:17:09.893815,0
192.168.1.1,Normal,2026-04-18 13:16:59.893815,0
192.168.1.2,Port Scan,2026-04-18 13:16:49.893815,1
203.0.113.5,Normal,2026-04-18 13:16:39.893815,0
192.168.1.2,Normal,2026-04-18 13:16:29.893815,0
172.16.0.3,Port Scan,2026-04-18 13:16:19.893815,1
172.16.0.3,Malicious Payload,2026-04-18 13:16:09.893815,1
10.0.0.5,Normal,2026-04-18 13:15:59.893815,0
172.16.0.3,Normal,2026-04-18 13:15:49.893815,0
203.0.113.5,Normal,2026-04-18 13:15:39.893815,0
192.168.1.2,Malicious Payload,2026-04-18 13:15:29.893815,1
192.168.1.2,Brute Force,2026-04-18 13:15:19.893815,1
198.51.100.7,Brute Force,2026-04-18 13:15:09.893815,1
192.168.1.1,Normal,2026-04-18 13:14:59.893815,0
198.51.100.7,Normal,2026-04-18 13:14:49.893815,0
203.0.113.5,Brute Force,2026-04-18 13:14:39.893815,1
192.168.1.2,Normal,2026-04-18 13:14:29.893815,0
192.168.1.2,Normal,2026-04-18 13:14:19.893815,0
198.51.100.7,Normal,2026-04-18 13:14:09.893815,0
203.0.113.5,Normal,2026-04-18 13:13:59.893815,0
198.51.100.7,Normal,2026-04-18 13:13:49.893815,0
203.0.113.5,Normal,2026-04-18 13:13:39.893815,0
203.0.113.5,Port Scan,2026-04-18 13:13:29.893815,1
192.168.1.2,Normal,2026-04-18 13:13:19.893815,0
10.0.0.5,Malicious Payload,2026-04-18 13:13:09.893815,1
198.51.100.7,Normal,2026-04-18 13:12:59.893815,0
10.0.0.5,Normal,2026-04-18 13:12:49.893815,0
203.0.113.5,Normal,2026-04-18 13:12:39.893815,0
198.51.100.7,Normal,2026-04-18 13:12:29.893815,0
203.0.113.5,Normal,2026-04-18 13:12:19.893815,0
198.51.100.7,Normal,2026-04-18 13:12:09.893815,0
172.16.0.3,Normal,2026-04-18 13:11:59.893815,0
172.16.0.3,Normal,2026-04-18 13:11:49.893815,0
10.0.0.5,Normal,2026-04-18 13:11:39.893815,0
203.0.113.5,Port Scan,2026-04-18 13:11:29.893815,1
203.0.113.5,Normal,2026-04-18 13:11:19.893815,0
198.51.100.7,Normal,2026-04-18 13:11:09.893815,0
203.0.113.5,Normal,2026-04-18 13:10:59.893815,0
172.16.0.3,Normal,2026-04-18 13:10:49.893815,0
192.168.1.2,Normal,2026-04-18 13:10:39.893815,0
192.168.1.1,Port Scan,2026-04-18 13:10:29.893815,1
203.0.113.5,Normal,2026-04-18 13:10:19.893815,0
10.0.0.5,Normal,2026-04-18 13:10:09.893815,0
10.0.0.5,Normal,2026-04-18 13:09:59.893815,0
192.168.1.1,Malicious Payload,2026-04-18 13:09:49.893815,1
10.0.0.5,Brute Force,2026-04-18 13:09:39.893815,1
10.0.0.5,Normal,2026-04-18 13:09:29.893815,0
172.16.0.3,Normal,2026-04-18 13:09:19.893815,0
203.0.113.5,Normal,2026-04-18 13:09:09.893815,0
192.168.1.1,Malicious Payload,2026-04-18 13:08:59.893815,1
192.168.1.1,Normal,2026-04-18 13:08:49.893815,0
172.16.0.3,Brute Force,2026-04-18 13:08:39.893815,1
172.16.0.3,Brute Force,2026-04-18 13:08:29.893815,1
203.0.113.5,Malicious Payload,2026-04-18 13:08:19.893815,1
203.0.113.5,Normal,2026-04-18 13:08:09.893815,0
198.51.100.7,Normal,2026-04-18 13:07:59.893815,0
192.168.1.1,Port Scan,2026-04-18 13:07:49.893815,1
10.0.0.5,Normal,2026-04-18 13:07:39.893815,0
172.16.0.3,Normal,2026-04-18 13:07:29.893815,0
203.0.113.5,Port Scan,2026-04-18 13:07:19.893815,1
192.168.1.2,Normal,2026-04-18 13:07:09.893815,0
192.168.1.1,Normal,2026-04-18 13:06:59.893815,0
172.16.0.3,Port Scan,2026-04-18 13:06:49.893815,1
192.168.1.2,Normal,2026-04-18 13:06:39.893815,0
172.16.0.3,Malicious Payload,2026-04-18 13:06:29.893815,1
10.0.0.5,Normal,2026-04-18 13:06:19.893815,0
192.168.1.2,Brute Force,2026-04-18 13:06:09.893815,1
192.168.1.1,Normal,2026-04-18 13:05:59.893815,0
192.168.1.2,Port Scan,2026-04-18 13:05:49.893815,1
172.16.0.3,Normal,2026-04-18 13:05:39.893815,0
192.168.1.1,Normal,2026-04-18 13:05:29.893815,0
203.0.113.5,Port Scan,2026-04-18 13:05:19.893815,1
198.51.100.7,Normal,2026-04-18 13:05:09.893815,0
203.0.113.5,Normal,2026-04-18 13:04:59.893815,0
192.168.1.1,Normal,2026-04-18 13:04:49.893815,0
198.51.100.7,Normal,2026-04-18 13:04:39.893815,0
203.0.113.5,Normal,2026-04-18 13:04:29.893815,0
203.0.113.5,Normal,2026-04-18 13:04:19.893815,0
203.0.113.5,Normal,2026-04-18 13:04:09.893815,0
198.51.100.7,Normal,2026-04-18 13:03:59.893815,0
10.0.0.5,Brute Force,2026-04-18 13:03:49.893815,1
172.16.0.3,Normal,2026-04-18 13:03:39.893815,0
10.0.0.5,Brute Force,2026-04-18 13:03:29.893815,1
10.0.0.5,Normal,2026-04-18 13:03:19.893815,0
198.51.100.7,Normal,2026-04-18 13:03:09.893815,0
10.0.0.5,Normal,2026-04-18 13:02:59.893815,0
203.0.113.5,Port Scan,2026-04-18 13:02:49.893815,1
192.168.1.2,Normal,2026-04-18 13:02:39.893815,0
203.0.113.5,Normal,2026-04-18 13:02:29.893815,0
10.0.0.5,Port Scan,2026-04-18 13:02:19.893815,1
10.0.0.5,Malicious Payload,2026-04-18 13:02:09.893815,1
203.0.113.5,Normal,2026-04-18 13:01:59.893815,0
10.0.0.5,Normal,2026-04-18 13:01:49.893815,0
192.168.1.1,Normal,2026-04-18 13:01:39.893815,0
198.51.100.7,Normal,2026-04-18 13:01:29.893815,0
192.168.1.1,Port Scan,2026-04-18 13:01:19.893815,1
203.0.113.5,Normal,2026-04-18 13:01:09.893815,0
192.168.1.2,Normal,2026-04-18 13:00:59.893815,0
198.51.100.7,Normal,2026-04-18 13:00:49.893815,0
203.0.113.5,Normal,2026-04-18 13:00:39.893815,0
192.168.1.2,Brute Force,2026-04-18 13:00:29.893815,1
198.51.100.7,Normal,2026-04-18 13:00:19.893815,0
192.168.1.2,Brute Force,2026-04-18 13:00:09.893815,1
10.0.0.5,Malicious Payload,2026-04-18 12:59:59.893815,1
198.51.100.7,Normal,2026-04-18 12:59:49.893815,0
10.0.0.5,Normal,2026-04-18 12:59:39.893815,0
198.51.100.7,Normal,2026-04-18 12:59:29.893815,0
192.168.1.2,Normal,2026-04-18 12:59:19.893815,0
192.168.1.2,Normal,2026-04-18 12:59:09.893815,0
203.0.113.5,Malicious Payload,2026-04-18 12:58:59.893815,1
172.16.0.3,Brute Force,2026-04-18 12:58:49.893815,1
10.0.0.5,Normal,2026-04-18 12:58:39.893815,0
192.168.1.2,Normal,2026-04-18 12:58:29.893815,0
198.51.100.7,Normal,2026-04-18 12:58:19.893815,0
172.16.0.3,Normal,2026-04-18 12:58:09.893815,0
198.51.100.7,Normal,2026-04-18 12:57:59.893815,0
192.168.1.1,Port Scan,2026-04-18 12:57:49.893815,1
203.0.113.5,Brute Force,2026-04-18 12:57:39.893815,1
10.0.0.5,Normal,2026-04-18 12:57:29.893815,0
10.0.0.5,Normal,2026-04-18 12:57:19.893815,0
172.16.0.3,Normal,2026-04-18 12:57:09.893815,0
198.51.100.7,Normal,2026-04-18 12:56:59.893815,0
192.168.1.2,Normal,2026-04-18 12:56:49.893815,0
203.0.113.5,Brute Force,2026-04-18 12:56:39.893815,1
203.0.113.5,Normal,2026-04-18 12:56:29.893815,0
192.168.1.1,Malicious Payload,2026-04-18 12:56:19.893815,1
10.0.0.5,Normal,2026-04-18 12:56:09.893815,0
198.51.100.7,Normal,2026-04-18 12:55:59.893815,0
192.168.1.1,Normal,2026-04-18 12:55:49.893815,0
10.0.0.5,Normal,2026-04-18 12:55:39.893815,0
172.16.0.3,Malicious Payload,2026-04-18 12:55:29.893815,1
203.0.113.5,Normal,2026-04-18 12:55:19.893815,0
172.16.0.3,Port Scan,2026-04-18 12:55:09.893815,1
10.0.0.5,Normal,2026-04-18 12:54:59.893815,0
203.0.113.5,Normal,2026-04-18 12:54:49.893815,0
192.168.1.2,Normal,2026-04-18 12:54:39.893815,0
203.0.113.5,Normal,2026-04-18 12:54:29.893815,0
203.0.113.5,Malicious Payload,2026-04-18 12:54:19.893815,1
172.16.0.3,Malicious Payload,2026-04-18 12:54:09.893815,1
10.0.0.5,Malicious Payload,2026-04-18 12:53:59.893815,1
10.0.0.5,Port Scan,2026-04-18 12:53:49.893815,1
203.0.113.5,Normal,2026-04-18 12:53:39.893815,0
198.51.100.7,Normal,2026-04-18 12:53:29.893815,0
192.168.1.2,Normal,2026-04-18 12:53:19.893815,0
192.168.1.1,Normal,2026-04-18 12:53:09.893815,0
172.16.0.3,Malicious Payload,2026-04-18 12:52:59.893815,1
10.0.0.5,Normal,2026-04-18 12:52:49.893815,0
203.0.113.5,Normal,2026-04-18 12:52:39.893815,0
198.51.100.7,Normal,2026-04-18 12:52:29.893815,0
198.51.100.7,Normal,2026-04-18 12:52:19.893815,0
